BaciaCodigo,SubBaciaCodigo,RioCodigo,RioNome,nmEstado,nmMunicipio,ResponsavelSigla,Codigo,Nome,Latitude,Longitude,Altitude,AreaDrenagem,PeriodoTelemetricaInicio,PeriodoTelemetricaFim,Operando,TipoEstacao,TemChuva
3,39,,,ALAGOAS,COLÔNIA LEOPOLDINA,DNOCS,835072,COLÔNIA LEOPOLDINA,-8.91667,-35.7167,166,,,,0,2,Sim
3,39,,,ALAGOAS,IBATEGUARA,SUDENE,835073,IBATEGUARA,-8.98333,-35.9333,505,,,,0,2,Sim
3,39,,,ALAGOAS,JUNDIÁ,DNOS,835074,JUNDIÁ,-8.93333,-35.5667,160,,,,0,2,Não
3,39,,,ALAGOAS,COLÔNIA LEOPOLDINA,SEMARH-AL,835075,PORTO ALEGRE,-8.9667,-35.6831,,,,,0,2,Não
3,39,,,ALAGOAS,JACUÍPE,ANA,835139,JACUÍPE,-8.8419,-35.4475,,,2011-03-01 00:00:00,,1,2,Sim
3,39,,,ALAGOAS,CAMPESTRE,CEMADEN,835208,CAMPESTRE_Campestre,-8.8475,-35.565,125,,2014-01-01 00:00:00,,1,2,Não
3,39,,,ALAGOAS,IBATEGUARA,SEMARH-AL,835218,IBATEGUARA,-8.9658,-35.9211,,,2023-05-01 00:00:00,,1,2,Sim
3,39,,,ALAGOAS,JUNDIÁ,SEMARH-AL,835240,JUNDIÁ,-8.9436,-35.5553,,,2025-01-01 00:00:00,,1,2,Não
3,39,,,ALAGOAS,NOVO LINO,SEMARH-AL,835241,NOVO LINO - MET,-8.96321,-35.675,,,2025-01-01 00:00:00,,1,2,Não
3,39,,,ALAGOAS,SÃO JOSÉ DA LAJE,SEMARH-AL,836094,USINA SERRA GRANDE (S.J.LAJE),-8.98,-36.06,,,,,0,2,Não
3,39,,,ALAGOAS,SÃO JOSÉ DA LAJE,SEMARH-AL,836095,SALTO GRANDE,-8.9831,-36.0667,,,,,0,2,Não
3,39,,,ALAGOAS,RIO LARGO,DNOS,935000,CACHOEIRA DO IMBURY,-9.5,-35.8833,45,,,,0,2,Não
3,39,,,ALAGOAS,FLEXEIRAS,SUDENE,935001,FLECHEIRAS,-9.28333,-35.7167,70,,,,0,2,Sim
3,39,,,ALAGOAS,PASSO DE CAMARAGIBE,SUDENE,935002,FAZENDA BOA ESCOLHA,-9.13333,-35.7333,198,,,,0,2,Sim
3,39,,,ALAGOAS,RIO LARGO,SUDENE,935003,LOURENÇO DE ALBUQUERQUE (RFN),-9.46667,-35.85,60,,,,0,2,Sim
3,39,,,ALAGOAS,MACEIÓ,INMET,935004,MACEIÓ (Tabuleiro),-9.5511,-35.77,64.5,,2002-01-01 00:00:00,,1,2,Sim
3,39,,,ALAGOAS,MACEIÓ,DNOCS,935005,MACEIÓ,-9.56667,-35.7833,5,,,,1,2,Sim
3,39,,,ALAGOAS,MACEIÓ,DNOS,935007,MACEIÓ (RESIDÊNCIA DNOS),-9.6667,-35.7167,33,,,,0,2,Não
3,39,,,ALAGOAS,MACEIÓ,SUDENE,935008,MACEIÓ,-9.66667,-35.7167,45,,,,0,2,Sim
3,39,,,ALAGOAS,MACEIÓ,SUDENE,935009,MACEIÓ - BEBEDOURO,-9.13333,-35.75,80,,,,0,2,Sim
3,39,,,ALAGOAS,MARAGOGI,SUDENE,935010,MARAGOGI,-9.01667,-35.2333,5,,,,0,2,Sim
3,39,,,ALAGOAS,MATRIZ DE CAMARAGIB,DNOCS,935011,MATRIZ DE CAMARAGIBE,-9.16667,-35.5167,16,,,,1,2,Sim
3,39,,,ALAGOAS,MURICI,ANA,935012,MURICI - PONTE,-9.3136,-35.9497,82,,2017-12-01 00:00:00,,1,2,Sim
3,39,,,ALAGOAS,PASSO DE CAMARAGIBE,DNOCS,935013,PASSO DE CAMARAGIBE,-9.23333,-35.4833,90,,,,1,2,Sim
3,39,,,ALAGOAS,PILAR,INMET,935014,PILAR (MANGUABA)  ,-9.6,-35.9,131,,,,1,2,Sim
3,39,,,ALAGOAS,PORTO CALVO,DNOCS,935016,PORTO CALVO,-9.06667,-35.4,54,,,,1,2,Sim
3,39,,,ALAGOAS,PORTO DE PEDRAS,INMET,935018,PORTO DE PEDRAS,-9.18,-35.43,50,,,,1,2,Sim
3,39,,,ALAGOAS,PORTO DE PEDRAS,DNOCS,935019,PORTO DE PEDRAS (DNOS),-9.1667,-35.3,22,,,,1,2,Sim
3,39,,,ALAGOAS,RIO LARGO,DNOCS,935021,RIO LARGO,-9.48333,-35.8333,62,,,,1,2,Sim
3,39,,,ALAGOAS,SATUBA,INMET,935022,SATUBA 471,-9.58333,-35.8167,20,,,,0,2,Não
3,39,,,ALAGOAS,SATUBA,SUDENE,935023,SATUBA,-9.58333,-35.8167,10,,,,0,2,Sim
3,39,,,ALAGOAS,MACEIÓ,DNOCS,935024,SAÚDE,-9.53333,-35.6333,10,,,,1,2,Sim
3,39,,,ALAGOAS,SÃO LUÍS DO QUITUND,DNOCS,935025,SÃO LUÍS DO QUITUNDE,-9.33333,-35.55,4,,,,1,2,Sim
3,39,,,ALAGOAS,SÃO LUÍS DO QUITUND,DNOS,935027,USINA SANTA AMÁLIA,-9.36667,-35.4833,10,,,,0,2,Não
3,39,,,ALAGOAS,PORTO DE PEDRAS,DNOCS,935028,TATUAMUNHA,-9.23333,-35.35,12,,,,1,2,Sim
3,39,,,ALAGOAS,PASSO DE CAMARAGIBE,DNOS,935029,SERRINHA,-9.36667,-35.4833,10,,,,0,2,Não
3,39,,,ALAGOAS,MACEIÓ,INMET,935031,MACEIÓ (UFAL - Inmet),-9.67,-35.7,115,,,,1,2,Não
3,39,,,ALAGOAS,PORTO CALVO,DNOCS,935032,URUCU,-9.03333,-35.5,,,,,0,2,Não
3,39,,,ALAGOAS,SÃO LUÍS DO QUITUND,INMET,935034,SÃO LUÍS DO QUITUNDE,-9.2875,-35.5658,25,,,,1,2,Não
3,39,,,ALAGOAS,PILAR,DNOS,935054,PILAR ,-9.63333,-35.9667,8,,,,0,2,Sim
3,39,,,ALAGOAS,PASSO DE CAMARAGIBE,ANA,935055,SÃO FRANCISCO,-9.1,-35.7167,198,,,,0,2,Sim
3,39,,,ALAGOAS,RIO LARGO,ANA,935056,FAZENDA BOA FORTUNA,-9.4675,-35.8564,42,,1996-08-01 00:00:00,,1,2,Sim
3,39,,,ALAGOAS,MARECHAL DEODORO,ANA,935057,MARECHAL DEODORO,-9.7164,-35.8917,,,,,1,2,Sim
3,39,,,ALAGOAS,RIO LARGO,SEMARH-AL,935058,SANTA CLOTILDE,-9.4553,-35.8508,,,,,0,2,Não
3,39,,,ALAGOAS,MARECHAL DEODORO,SEMARH-AL,935059,SUMAUMA,-9.8331,-35.8667,,,,,0,2,Não
3,39,,,ALAGOAS,RIO LARGO,SEMARH-AL,935060,USINA UTINGA LEÃO,-9.55,-35.7997,,,,,0,2,Não
3,39,,,ALAGOAS,FLEXEIRAS,SEMARH-AL,935061,FLEXEIRAS,-9.2836,-35.6933,,,2012-03-01 00:00:00,2016-11-01 00:00:00,0,2,Não
3,39,,,ALAGOAS,PORTO CALVO,SEMARH-AL,935062,PORTO CALVO,-9.0483,-35.4067,,,2012-10-01 00:00:00,2021-11-01 00:00:00,0,2,Não
3,39,,,ALAGOAS,BARRA DE SÃO MIGUEL,CEMADEN,935063,BARRA DE SÃO MIGUEL_Alto da Barra,-9.829,-35.903,66,,2014-01-01 00:00:00,,1,2,Não
3,39,,,ALAGOAS,MACEIÓ,CEMADEN,935064,MACEIÓ_Tabuleiro do Martins2,-9.581,-35.768,94,,2014-01-01 00:00:00,,1,2,Não
3,39,,,ALAGOAS,MACEIÓ,CEMADEN,935065,MACEIÓ_Farol,-9.641,-35.735,51,,2014-01-01 00:00:00,,1,2,Não
3,39,,,ALAGOAS,MACEIÓ,CEMADEN,935066,MACEIÓ_Tabuleiro do Martins,-9.587,-35.763,97,,2014-01-01 00:00:00,,1,2,Não
3,39,,,ALAGOAS,MACEIÓ,CEMADEN,935067,MACEIÓ_Farol2,-9.6286,-35.7379,56,,2014-01-01 00:00:00,,1,2,Não
3,39,,,ALAGOAS,MACEIÓ,CEMADEN,935068,MACEIÓ_Trapiche da Barra,-9.696,-35.778,11,,2014-01-01 00:00:00,,1,2,Não
3,39,,,ALAGOAS,MACEIÓ,CEMADEN,935069,MACEIÓ_Benedito Bentes I,-9.552,-35.727,85,,2014-01-01 00:00:00,,1,2,Não
3,39,,,ALAGOAS,MACEIÓ,CEMADEN,935070,MACEIÓ_Ipioca1,-9.529,-35.608,28,,2014-01-01 00:00:00,,1,2,Não
3,39,,,ALAGOAS,MACEIÓ,CEMADEN,935071,MACEIÓ_Cruz das Almas,-9.632,-35.707,26,,2014-01-01 00:00:00,,1,2,Não
3,39,,,ALAGOAS,MACEIÓ,CEMADEN,935072,MACEIÓ_Antares,-9.573,-35.741,92,,2014-01-01 00:00:00,,1,2,Não
3,39,,,ALAGOAS,MACEIÓ,CEMADEN,935073,MACEIÓ_Ipioca2,-9.528,-35.623,8,,2014-01-01 00:00:00,,1,2,Não
3,39,,,ALAGOAS,MACEIÓ,CEMADEN,935074,MACEIÓ_USINA DE PROCESSAMENTO DE ASFALTO,-9.5729,-35.7762,97,,2014-01-01 00:00:00,,1,2,Não
3,39,,,ALAGOAS,MACEIÓ,CEMADEN,935075,MACEIÓ_Cidade Universitária,-9.55,-35.761,78,,2014-01-01 00:00:00,,1,2,Não
3,39,,,ALAGOAS,MACEIÓ,CEMADEN,935076,MACEIÓ_Chã da Jaqueira,-9.6214,-35.748,15,,2014-01-01 00:00:00,,1,2,Não
3,39,,,ALAGOAS,MACEIÓ,CEMADEN,935077,MACEIÓ_Cambona,-9.6489,-35.7431,15,,2014-01-01 00:00:00,,1,2,Não
3,39,,,ALAGOAS,MARAGOGI,CEMADEN,935078,MARAGOGI_Centro,-9.015,-35.223,6,,2014-01-01 00:00:00,,1,2,Não
3,39,,,ALAGOAS,MARECHAL DEODORO,CEMADEN,935079,MARECHAL DEODORO_Centro,-9.717,-35.894,16,,2014-01-01 00:00:00,,1,2,Não
3,39,,,ALAGOAS,MATRIZ DE CAMARAGIB,CEMADEN,935080,MATRIZ DE CAMARAGIBE_Hospital Municipal,-9.1575,-35.5308,17,,2014-01-01 00:00:00,,1,2,Não
3,39,,,ALAGOAS,MURICI,CEMADEN,935081,MURICI_Centro,-9.311,-35.946,93,,2014-01-01 00:00:00,,1,2,Não
3,39,,,ALAGOAS,PARIPUEIRA,CEMADEN,935082,PARIPUEIRA_Alto da Boa Vista,-9.4629,-35.5589,40,,2014-01-01 00:00:00,,1,2,Não
3,39,,,ALAGOAS,SÃO LUÍS DO QUITUND,CEMADEN,935083,SÃO LUÍS DO QUITUNDE_Centro,-9.316,-35.562,7,,2014-01-01 00:00:00,,1,2,Não
3,39,,,ALAGOAS,SATUBA,CEMADEN,935084,SATUBA_Satuba01,-9.574,-35.824,7,,2014-01-01 00:00:00,,1,2,Não
3,39,,,ALAGOAS,BARRA DE SÃO MIGUEL,SEMARH-AL,935085,BARRA DE SÃO MIGUEL - CAPTAÇÃO CASAL,-9.8278,-35.8944,,,2023-12-01 00:00:00,,1,2,Sim
3,39,,,ALAGOAS,MARECHAL DEODORO,SEMARH-AL,935086,MARECHAL DEODORO - MANGUABA,-9.7167,-35.8922,,,2024-04-01 00:00:00,,1,2,Sim
3,39,,,ALAGOAS,COQUEIRO SECO,SEMARH-AL,935087,COQUEIRO SECO,-9.6339,-35.7914,,,2024-04-01 00:00:00,,1,2,Sim
3,39,,,ALAGOAS,MARECHAL DEODORO,SEMARH-AL,935088,MARECHAL - IMA,-9.695,-35.7861,,,2024-04-01 00:00:00,,1,2,Sim
3,39,,,ALAGOAS,PILAR,SEMARH-AL,935089,PILAR,-9.6122,-35.9553,,,2024-04-01 00:00:00,,1,2,Sim
3,39,,,ALAGOAS,BARRA DE SANTO ANTÔ,SEMARH-AL,935090,BARRA DE SANTO ANTÔNIO,-9.4061,-35.5183,,,2023-07-01 00:00:00,,1,2,Sim
3,39,,,ALAGOAS,JAPARATINGA,SEMARH-AL,935091,JAPARATINGA,-9.0869,-35.2589,,,2023-08-01 00:00:00,,1,2,Sim
3,39,,,ALAGOAS,MACEIÓ,SEMARH-AL,935092,MACEIÓ - MET,-9.6694,-35.7447,,,2025-01-01 00:00:00,,1,2,Não
3,39,,,ALAGOAS,PASSO DE CAMARAGIBE,SEMARH-AL,935093,PASSO DO CAMARAGIBE,-9.2392,-35.4869,,,2023-06-01 00:00:00,,1,2,Sim
3,39,,,ALAGOAS,ROTEIRO,SEMARH-AL,935094,ROTEIRO,-9.8353,-35.9819,,,2023-07-01 00:00:00,,1,2,Sim
3,39,,,ALAGOAS,SÃO MIGUEL DOS MILA,SEMARH-AL,935095,SÃO MIGUEL DOS MILAGRES,-9.2658,-35.3725,,,2023-05-01 00:00:00,,1,2,Sim
3,39,,,ALAGOAS,PORTO CALVO,SEMARH-AL,935096,PORTO CALVO - HIDRO,-9.0611,-35.3911,,,2025-01-01 00:00:00,,1,2,Não
3,39,,,ALAGOAS,PORTO DE PEDRAS,SEMARH-AL,935097,PORTO DE PEDRAS,-9.1625,-35.2981,,,2025-01-01 00:00:00,,1,2,Não
3,39,,,ALAGOAS,FLEXEIRAS,SEMARH-AL,935098,FLEXEIRAS,-9.2744,-35.7261,,,2025-01-01 00:00:00,,1,2,Não
3,39,,,ALAGOAS,SÃO LUÍS DO QUITUND,SEMARH-AL,935099,SÃO LUÍS DO QUITUNDE - HIDRO,-9.3092,-35.5617,,,2025-01-01 00:00:00,,1,2,Não
3,39,,,ALAGOAS,MESSIAS,SEMARH-AL,935100,MESSIAS,-9.3933,-35.8386,,,2025-01-01 00:00:00,,1,2,Não
3,39,,,ALAGOAS,SANTA LUZIA DO NORT,SEMARH-AL,935101,SANTA LUZIA DO NORTE,-9.6017,-35.8264,,,2025-01-01 00:00:00,,1,2,Não
3,39,,,ALAGOAS,RIO LARGO,CIA. ALAGOANA,935102,CGH GUSTAVO PAIVA BARRAMENTO,-9.4897,-35.8503,16,,2025-05-01 00:00:00,,1,2,Não
3,39,,,ALAGOAS,ATALAIA,DNOCS,936010,ATALAIA,-9.51667,-36.0167,54,,,,1,2,Sim
3,39,,,ALAGOAS,SÃO MIGUEL DOS CAMP,DNOS,936011,BERNARDO LOPES,-9.76667,-36.0833,40,,,,0,2,Não
3,39,,,ALAGOAS,JUNQUEIRO,DNOS,936012,BREJO DO PACHECO,-9.95,-36.3,200,,,,0,2,Não
3,39,,,ALAGOAS,ANADIA,DNOCS,936013,CANUDOS,-9.58333,-36.4833,372,,,,0,2,Sim
3,39,,,ALAGOAS,CAPELA,SUDENE,936014,CAPELA,-9.43333,-36.0833,34,,,,0,2,Sim
4,49,,,ALAGOAS,ARAPIRACA,SUDENE,936015,CRAIBA,-9.6167,-36.7833,230,,,,0,2,Sim
3,39,,,ALAGOAS,BOCA DA MATA,DNOCS,936016,FAZENDA VARRELA,-9.7,-36.05,100,,,,1,2,Sim
3,39,,,ALAGOAS,SÃO MIGUEL DOS CAMP,DNOS,936017,JITIRANA,-9.85,-36.2,20,,,,0,2,Não
4,49,,,ALAGOAS,SÃO BRÁS,RFFSA,936018,ENGENHEIRO GORDILHO DE CASTRO (RFN),-9.9167,-36.8,150,,,,0,2,Sim
3,39,,,ALAGOAS,IGACI,SUDENE,936019,IGACI,-9.55,-36.6333,240,,,,0,2,Sim
4,49,,,ALAGOAS,JUNQUEIRO,DNOCS,936020,JUNQUEIRO,-9.9333,-36.4833,120,,,,1,2,Sim
4,49,,,ALAGOAS,LAGOA DA CANOA,SEMARH-AL,936022,LAGOA DA CANOA,-9.8286,-36.5094,276,,,,0,2,Sim
3,39,,,ALAGOAS,LIMOEIRO DE ANADIA,SEMARH-AL,936026,LIMOEIRO DE ANADIA,-9.7436,-36.5039,122,,2025-01-01 00:00:00,,1,2,Sim
4,49,,,ALAGOAS,MAJOR ISIDORO,DNOCS,936028,MAJOR ISIDORO,-9.5333,-36.9833,217,,,,1,2,Sim
4,49,,,ALAGOAS,MAJOR ISIDORO,INMET,936029,MAJOR ISIDORO,-9.5333,-36.9833,217,,,,0,2,Sim
3,39,,,ALAGOAS,MAR VERMELHO,SUDENE,936031,MAR VERMELHO,-9.45,-36.3833,620,,,,0,2,Sim
4,49,,,ALAGOAS,PALMEIRA DOS ÍNDIOS,SUDENE,936032,MINADOR DO NEGRÃO,-9.3167,-36.8667,395,,,,0,2,Sim
3,39,,,ALAGOAS,SANTANA DO MUNDAÚ,SUDENE,936033,MUNGUBA,-9.06667,-36.2,404,,,,0,2,Sim
3,39,,,ALAGOAS,PALMEIRA DOS ÍNDIOS,SUDENE,936034,PALMEIRA DOS ÍNDIOS,-9.4,-36.65,342,,,,0,2,Sim
3,39,,,ALAGOAS,PALMEIRA DOS ÍNDIOS,INMET,936035,PALMEIRA DOS ÍNDIOS,-9.42,-36.62,275,,2007-07-01 00:00:00,,1,2,Sim
3,39,,,ALAGOAS,PALMEIRA DOS ÍNDIOS,SUDENE,936038,PALMEIRA DOS ÍNDIOS,-9.4,-36.65,342,,,,0,2,Sim
3,39,,,ALAGOAS,PINDOBA,SUDENE,936039,PINDOBA (DNOS),-9.45,-36.2,190,,,,0,2,Sim
3,39,,,ALAGOAS,ATALAIA,SUDENE,936040,PORANGABA (DNOS),-9.55,-36.1333,60,,,,0,2,Sim
3,39,,,ALAGOAS,QUEBRANGULO,DNOCS,936041,QUEBRANGULO,-9.3022,-36.4728,411,,,,1,2,Sim
3,39,,,ALAGOAS,UNIÃO DOS PALMARES,SUDENE,936044,ROCHA CAVALCANTI,-9.1,-36.0667,156,,,,0,2,Sim
3,39,,,ALAGOAS,SANTANA DO MUNDAÚ,SUDENE,936045,SANTANA DO MUNDAÚ,-9.1667,-36.2167,221,,,,0,2,Sim
3,39,,,ALAGOAS,SÃO MIGUEL DOS CAMP,SUDENE,936046,SEBASTIÃO FERREIRA,-9.8,-36.0667,,,,,0,2,Sim
3,39,,,ALAGOAS,SÃO JOSÉ DA LAJE,SUDENE,936047,SÃO JOSÉ DA LAJE,-9.01667,-36.05,250,,,,0,2,Sim
3,39,,,ALAGOAS,SÃO MIGUEL DOS CAMP,DNOCS,936048,SÃO MIGUEL DOS CAMPOS,-9.78333,-36.1,12,,,,1,2,Sim
3,39,,,ALAGOAS,CAPELA,SUDENE,936049,SANTA EFIGÊNIA,-9.3,-36.1333,170,,,,0,2,Sim
4,49,,,ALAGOAS,TRAIPU,DNOCS,936050,TRAIPU,-9.9667,-36.9833,40,,,,1,2,Sim
4,49,,,ALAGOAS,TRAIPU,ANA,936051,TRAIPU,-9.9667,-36.9833,40,,,,0,2,Sim
3,39,,,ALAGOAS,TANQUE D'ARCA,SUDENE,936052,TANQUE D'ARCA,-9.53333,-36.4333,280,,,,0,2,Sim
3,39,,,ALAGOAS,UNIÃO DOS PALMARES,DNOCS,936053,UNIÃO DOS PALMARES,-9.16667,-36.05,155,,,,1,2,Sim
3,39,,,ALAGOAS,UNIÃO DOS PALMARES,RFFSA,936054,UNIÃO DOS PALMARES (RFN),-9.16667,-36.05,155,,,,0,2,Sim
3,39,,,ALAGOAS,SÃO MIGUEL DOS CAMP,SUDENE,936056,USINA CANSANÇÃO DO SINIMBÚ,-9.8667,-36.15,20,,,,0,2,Sim
3,39,,,ALAGOAS,VIÇOSA,DNOCS,936057,VIÇOSA,-9.38333,-36.25,300,,,,1,2,Sim
3,39,,,ALAGOAS,VIÇOSA,SUDENE,936060,VIÇOSA,-9.38333,-36.25,300,,,,0,2,Sim
3,39,,,ALAGOAS,ANADIA,INMET,936061,ANADIA (LIMOEIRO),-9.63333,-36.3333,135,,,,0,2,Sim
4,49,,,ALAGOAS,ARAPIRACA,INMET,936065,ARAPIRACA,-9.8042,-36.6189,247,,,,1,2,Sim
4,49,,,ALAGOAS,ARAPIRACA,DNOCS,936066,ARAPIRACA,-9.75,-36.65,264,,,,1,2,Sim
3,39,,,ALAGOAS,ANADIA,SEMARH-AL,936070,ANADIA,-9.6858,-36.2842,100,,2025-01-01 00:00:00,,1,2,Sim
4,49,,,ALAGOAS,CAMPO GRANDE,CODEVASF,936071,OLHO D'ÁGUA DO CAMPO,-9.9333,-36.8,,,,,0,2,Sim
4,49,,,ALAGOAS,CAMPO GRANDE,CODEVASF,936072,POÇO D'ANTAS,-9.9833,-36.7333,,,,,0,2,Sim
4,49,,,ALAGOAS,CAMPO GRANDE,CODEVASF,936073,CAMPO GRANDE,-9.95,-36.8,,,,,0,2,Não
4,49,,,ALAGOAS,CAMPO GRANDE,CODEVASF,936074,LAGOINHA DO CIRIACO,-9.9667,-36.8167,,,,,0,2,Não
4,49,,,ALAGOAS,TRAIPU,CODEVASF,936075,LAGOA DO MATO,-9.9833,-36.85,,,,,0,2,Não
4,49,,,ALAGOAS,TRAIPU,ANA,936076,TRAIPU,-9.9728,-37.0033,,,,,1,2,Sim
3,39,,,ALAGOAS,PINDOBA,SUDENE,936080,PINDOBA,-9.45,-36.2,190,,,,0,2,Não
3,39,,,ALAGOAS,SANTANA DO MUNDAÚ,SUDENE,936081,SANTANA DO MUNDAÚ,-9.1667,-36.2167,221,,,,0,2,Não
3,39,,,ALAGOAS,CAPELA,SUDENE,936082,CAPELA (CONCEIÇÃO DO PARAIBA),-9.43333,-36.0833,34,,,,0,2,Não
3,39,,,ALAGOAS,ATALAIA,SUDENE,936083,PORANGABA,-9.55,-36.1333,60,,,,0,2,Não
4,49,,,ALAGOAS,SÃO BRÁS,CODEVASF,936085,GOMES NETO,-9.9833,-36.8,200,,,,0,2,Sim
3,39,,,ALAGOAS,CAJUEIRO,SEMARH-AL,936086,CAPRICHO,-9.3767,-36.1003,,,,,0,2,Não
3,39,,,ALAGOAS,CAMPO ALEGRE,SEMARH-AL,936087,PORTO RICO,-9.8164,-36.2167,,,,,0,2,Não
3,39,,,ALAGOAS,TEOTÔNIO VILELA,SEMARH-AL,936088,SERESTA,-9.85,-36.3375,,,,,0,2,Não
3,39,,,ALAGOAS,BOCA DA MATA,SEMARH-AL,936089,TRIUNFO,-9.65,-36.2,,,,,0,2,Não
3,39,,,ALAGOAS,SÃO MIGUEL DOS CAMP,SEMARH-AL,936090,SINIMBÚ,-9.8831,-36.15,,,,,0,2,Não
3,39,,,ALAGOAS,PILAR,SEMARH-AL,936091,T. NOVA,-9.5858,-36.0017,,,,,0,2,Não
3,39,,,ALAGOAS,SÃO LUÍS DO QUITUND,SEMARH-AL,936092,SANTO ANTÔNIO,-9.2833,-36.5497,,,,,0,2,Não
3,39,,,ALAGOAS,ANADIA,DNOS,936101,ANADIA,-9.68333,-36.5833,130,,,,0,2,Não
4,49,,,ALAGOAS,TRAIPU,CODEVASF,936102,TRAIPU,-9.9667,-36.9833,,,,,0,2,Não
3,39,,,ALAGOAS,ATALAIA,ANA,936110,ATALAIA,-9.5072,-36.0233,54,,1996-08-01 00:00:00,,1,2,Sim
3,39,,,ALAGOAS,VIÇOSA,ANA,936111,VIÇOSA,-9.3792,-36.2492,300,,2011-04-01 00:00:00,,1,2,Sim
3,39,,,ALAGOAS,SÃO JOSÉ DA LAJE,ANA,936112,SÃO JOSÉ DA LAJE,-9.0042,-36.0511,,,2011-04-01 00:00:00,,1,2,Sim
3,39,,,ALAGOAS,UNIÃO DOS PALMARES,ANA,936113,UNIÃO DOS PALMARES,-9.1544,-36.0358,250,,2011-04-01 00:00:00,,1,2,Sim
3,39,,,ALAGOAS,SANTANA DO MUNDAÚ,ANA,936114,SANTANA DO MUNDAÚ,-9.1689,-36.2197,220,,2016-04-01 00:00:00,,1,2,Sim
3,39,,,ALAGOAS,QUEBRANGULO,ANA,936115,QUEBRANGULO,-9.3192,-36.4731,220,,,,0,2,Sim
4,49,,,ALAGOAS,SÃO BRÁS,SUDENE,936116,GORDILHO DE CASTRO,-9.9167,-36.8,150,,,,0,2,Sim
3,39,,,ALAGOAS,QUEBRANGULO,ANA,936121,VILA SÃO FRANCISCO,-9.3664,-36.4194,,,2025-05-01 00:00:00,,1,2,Sim
3,39,,,ALAGOAS,CAJUEIRO,SEMARH-AL,936122,CAJUEIRO,-9.3756,-36.1608,,,2012-02-01 00:00:00,2022-07-01 00:00:00,0,2,Não
3,39,,,ALAGOAS,PAULO JACINTO,SEMARH-AL,936123,PAULO JACINTO,-9.3686,-36.3747,,,2012-05-01 00:00:00,2024-12-01 00:00:00,0,2,Não
3,39,,,ALAGOAS,CAPELA,SEMARH-AL,936124,CAPELA,-9.2878,-36.135,,,2012-05-01 00:00:00,2024-12-01 00:00:00,0,2,Não
3,39,,,ALAGOAS,LIMOEIRO DE ANADIA,ANA,936126,LIMOEIRO DE ANADIA,-9.7436,-36.5039,,,2012-08-01 00:00:00,2022-07-01 00:00:00,0,2,Não
3,39,,,ALAGOAS,UNIÃO DOS PALMARES,ANA,936127,USINA LAGINHA,-9.1831,-36.0436,137,,2010-11-01 00:00:00,2019-10-01 00:00:00,0,2,Não
3,39,,,ALAGOAS,BRANQUINHA,CEMADEN,936129,BRANQUINHA_Branquinha01,-9.248,-36.014,122,,2014-01-01 00:00:00,,1,2,Não
3,39,,,ALAGOAS,CAPELA,CEMADEN,936130,CAPELA_Capela01,-9.413,-36.077,81,,2014-01-01 00:00:00,,1,2,Não
3,39,,,ALAGOAS,PAULO JACINTO,CEMADEN,936131,PAULO JACINTO_PauloJacinto01,-9.371,-36.372,295,,2014-01-01 00:00:00,,1,2,Não
3,39,,,ALAGOAS,QUEBRANGULO,CEMADEN,936132,QUEBRÂNGULO_Quebrangulo01,-9.318,-36.471,372,,2014-01-01 00:00:00,,1,2,Não
3,39,,,ALAGOAS,SANTANA DO MUNDAÚ,CEMADEN,936133,SANTANA DO MUNDAÚ_Centro,-9.17,-36.217,221,,2014-01-01 00:00:00,,1,2,Não
3,39,,,ALAGOAS,SÃO JOSÉ DA LAJE,CEMADEN,936134,SÃO JOSÉ DA LAJE_Av. Eneas Marinho,-9.007,-36.055,269,,2014-01-01 00:00:00,,1,2,Não
3,39,,,ALAGOAS,UNIÃO DOS PALMARES,CEMADEN,936135,UNIÃO DOS PALMARES_Centro,-9.161,-36.032,151,,2014-01-01 00:00:00,,1,2,Não
3,39,,,ALAGOAS,UNIÃO DOS PALMARES,CEMADEN,936136,UNIÃO DOS PALMARES_Nova Esperança,-9.152,-36.016,159,,2014-01-01 00:00:00,,1,2,Não
3,39,,,ALAGOAS,UNIÃO DOS PALMARES,CEMADEN,936137,UNIÃO DOS PALMARES_Muquém,-9.134,-36.052,154,,2014-01-01 00:00:00,,1,2,Não
3,39,,,ALAGOAS,QUEBRANGULO,SEMARH-AL,936139,VILA SÃO FRANCISCO,-9.3664,-36.4194,,,2011-06-01 00:00:00,2024-12-01 00:00:00,0,2,Não
3,39,,,ALAGOAS,SÃO MIGUEL DOS CAMP,SEMARH-AL,936140,SÃO MIGUEL DOS CAMPOS - HIDRO,-9.7781,-36.0956,,,2023-11-01 00:00:00,,1,2,Sim
4,49,,,ALAGOAS,JARAMATAIA,SEMARH-AL,936141,JARAMATAIA,-9.6597,-37.0008,,,2023-01-01 00:00:00,,1,2,Sim
4,49,,,ALAGOAS,SÃO SEBASTIÃO,SEMARH-AL,936142,SÃO SEBASTIÃO,-9.9281,-36.5425,,,2023-08-01 00:00:00,,1,2,Sim
3,39,,,ALAGOAS,TAQUARANA,SEMARH-AL,936143,TAQUARANA,-9.6469,-36.4931,,,2024-01-01 00:00:00,,1,2,Sim
4,49,,,ALAGOAS,TRAIPU,SEMARH-AL,936144,TRAIPÚ,-9.9561,-36.9917,,,2023-09-01 00:00:00,,1,2,Sim
3,39,,,ALAGOAS,CHÃ PRETA,SEMARH-AL,936150,CHÃ PRETA - MET,-9.2569,-36.3047,,,2025-01-01 00:00:00,,1,2,Não
4,49,,,ALAGOAS,MINADOR DO NEGRÃO,SEMARH-AL,936151,MINADOR DO NEGRÃO,-9.3014,-36.8894,,,2025-01-01 00:00:00,,1,2,Não
3,39,,,ALAGOAS,CAJUEIRO,SEMARH-AL,936152,CAJUEIRO - HIDRO,-9.3969,-36.1506,,,2025-01-01 00:00:00,,1,2,Não
3,39,,,ALAGOAS,MAR VERMELHO,SEMARH-AL,936153,Mar Vermelho,-9.4522,-36.3975,,,2025-01-01 00:00:00,,1,2,Não
3,39,,,ALAGOAS,IGACI,SEMARH-AL,936154,IGACI,-9.5294,-36.6325,,,2025-01-01 00:00:00,,1,2,Não
3,39,,,ALAGOAS,TANQUE D'ARCA,SEMARH-AL,936155,TANQUE D'ARCA,-9.5372,-36.4264,,,2025-01-01 00:00:00,,1,2,Não
3,39,,,ALAGOAS,BELÉM,SEMARH-AL,936156,BELÉM,-9.5733,-36.495,,,2025-01-01 00:00:00,,1,2,Não
3,39,,,ALAGOAS,MARIBONDO,SEMARH-AL,936157,MARIBONDO,-9.5983,-36.3086,,,2025-01-01 00:00:00,,1,2,Não
3,39,,,ALAGOAS,COITE DO NOIA,SEMARH-AL,936158,COITÉ DO NÓIA,-9.6361,-36.5767,,,2025-01-01 00:00:00,,1,2,Não
3,39,,,ALAGOAS,BOCA DA MATA,SEMARH-AL,936159,BOCA DA MATA,-9.6408,-36.2089,,,2025-01-01 00:00:00,,1,2,Não
3,39,,,ALAGOAS,CAMPO ALEGRE,SEMARH-AL,936160,CAMPO ALEGRE,-9.7831,-36.3425,,,2025-01-01 00:00:00,,1,2,Não
4,49,,,ALAGOAS,LAGOA DA CANOA,SEMARH-AL,936161,LAGOA DA CANOA,-9.8208,-36.7319,,,2025-01-01 00:00:00,,1,2,Não
4,49,,,ALAGOAS,FEIRA GRANDE,SEMARH-AL,936162,FEIRA GRANDE,-9.8917,-36.6739,,,2025-01-01 00:00:00,,1,2,Não
3,39,,,ALAGOAS,JUNQUEIRO,SEMARH-AL,936163,Junqueiro,-9.9097,-36.4706,,,2025-01-01 00:00:00,,1,2,Não
4,49,,,ALAGOAS,CAMPO GRANDE,SEMARH-AL,936164,CAMPO GRANDE,-9.9608,-36.7897,,,2025-01-01 00:00:00,,1,2,Não
4,49,,,ALAGOAS,CACIMBINHAS,SEMARH-AL,936166,CACIMBINHAS,-9.4022,-36.9981,,,2025-01-01 00:00:00,,1,2,Não
4,49,,,ALAGOAS,POÇO DAS TRINCHEIRA,DNOCS,937004,POÇO DAS TRINCHEIRAS,-9.2167,-37.2833,255,,,,1,2,Sim
4,49,,,ALAGOAS,SANTANA DO IPANEMA,SUDENE,937005,RIACHO GRANDE,-9.4667,-37.4667,210,,,,0,2,Sim
4,49,,,ALAGOAS,SANTANA DO IPANEMA,SEMARH-AL,937006,Santana do Ipanema - MET,-9.3972,-37.2281,250,,2025-01-01 00:00:00,,1,2,Sim
4,49,,,ALAGOAS,ÁGUA BRANCA,DNOCS,937007,ÁGUA BRANCA,-9.2833,-37.9333,510,,,,1,2,Sim
4,49,,,ALAGOAS,ÁGUA BRANCA,INMET,937008,ÁGUA BRANCA,-9.28,-37.9,605,,,,1,2,Sim
4,49,,,ALAGOAS,ÁGUA BRANCA,SUDENE,937009,ÁGUA BRANCA,-9.25,-37.9167,510,,,,0,2,Sim
4,49,,,ALAGOAS,BATALHA,SUDENE,937010,Batalha,-9.6667,-37.1333,120,,,,0,2,Sim
4,49,,,ALAGOAS,CACIMBINHAS,SUDENE,937011,CACIMBINHAS,-9.4,-37,300,,,,0,2,Sim
4,49,,,ALAGOAS,CANAPI,DNOCS,937012,CAPIA DA IGREJINHA,-9.1833,-37.4333,280,,,,1,2,Sim
4,49,,,ALAGOAS,DELMIRO GOUVÉIA,ANA,937013,DELMIRO GOUVÉIA,-9.3928,-37.9942,256,,,,1,2,Sim
4,49,,,ALAGOAS,MATA GRANDE,DNOCS,937014,MATA GRANDE,-9.1333,-37.7333,633,,,,1,2,Sim
4,49,,,ALAGOAS,MATA GRANDE,INMET,937015,MATA GRANDE,-9.1272,-37.72,635,,,,1,2,Sim
4,49,,,ALAGOAS,OLHO D'ÁGUA DAS FLO,SUDENE,937016,OLHO D'ÁGUA DAS FLORES,-9.5333,-37.2833,286,,,,0,2,Sim
4,49,,,ALAGOAS,OLHO D'ÁGUA DO CASA,SUDENE,937017,OLHO D'ÁGUA DO CASADO,-9.5167,-37.85,209,,,,0,2,Sim
4,49,,,ALAGOAS,PÃO DE AÇÚCAR,ANA,937018,PÃO DE AÇÚCAR,-9.7486,-37.4497,45,,2000-04-01 00:00:00,2019-02-01 00:00:00,1,2,Sim
4,49,,,ALAGOAS,PÃO DE AÇÚCAR,DNOCS,937019,PÃO DE AÇÚCAR,-9.7333,-37.4333,45,,,,1,2,Sim
4,49,,,ALAGOAS,PÃO DE AÇÚCAR,SUDENE,937021,PÃO DE AÇÚCAR,-9.7333,-37.4333,45,,,,0,2,Sim
4,49,,,ALAGOAS,PIRANHAS,DNOCS,937022,PIRANHAS,-9.65,-37.7667,110,,,,1,2,Sim
4,49,,,ALAGOAS,PIRANHAS,ANA,937023,PIRANHAS,-9.6261,-37.7561,110,,,,1,2,Sim
4,49,,,ALAGOAS,SANTANA DO IPANEMA,ANA,937032,SANTANA DO IPANEMA,-9.3728,-37.2453,250,,2012-08-01 00:00:00,,1,2,Sim
4,49,,,ALAGOAS,PIRANHAS,CODEVASF,937033,PIRANHAS,-9.6333,-37.7667,,,,,0,2,Não
4,49,,,ALAGOAS,PÃO DE AÇÚCAR,INMET,937034,PÃO DE AÇÚCAR,-9.7658,-37.4478,19,,2007-07-01 00:00:00,,1,2,Sim
4,49,,,ALAGOAS,SANTANA DO IPANEMA,INMET,937035,SANTANA DO IPANEMA,-9.4,-37.0833,205,,,,0,2,Não
4,49,,,ALAGOAS,SANTANA DO IPANEMA,CODEVASF,937038,SANTANA DO IPANEMA,-9.3667,-37.25,250,,,,0,2,Não
4,49,,,ALAGOAS,BATALHA,ANA,937040,CAPIVARA II,-9.7831,-37.0081,,,,,1,2,Sim
4,49,,,ALAGOAS,BELO MONTE,AXIA NORDESTE,937042,BELO MONTE,-9.8167,-37.2833,,,,,1,2,Não
4,49,,,ALAGOAS,BATALHA,ANA,937043,BATALHA,-9.6622,-37.1225,,,2012-04-01 00:00:00,2019-02-01 00:00:00,0,2,Não
4,49,,,ALAGOAS,PIRANHAS,AXIA NORDESTE,937047,UHE XINGÓ JUSANTE 1,-9.6264,-37.7567,130,,2019-03-01 00:00:00,,1,2,Não
4,49,,,ALAGOAS,TRAIPU,AXIA NORDESTE,937048,UHE XINGÓ JUSANTE 2,-9.9725,-37.0025,40,,2019-03-01 00:00:00,,1,2,Não
4,49,,,ALAGOAS,SANTANA DO IPANEMA,SEMARH-AL,937050,SANTANA DO IPANEMA - HIDRO,-9.3731,-37.2467,,,2020-07-01 00:00:00,,1,2,Sim
4,49,,,ALAGOAS,DOIS RIACHOS,SEMARH-AL,937052,DOIS RIACHOS,-9.3864,-37.0897,,,2024-02-01 00:00:00,,1,2,Sim
4,49,,,ALAGOAS,MATA GRANDE,SEMARH-AL,937053,MATA GRANDE,-9.1183,-37.7289,,,2021-01-01 00:00:00,,1,2,Sim
4,49,,,ALAGOAS,OLHO D'ÁGUA DO CASA,SEMARH-AL,937054,OLHO D´ÁGUA DO CASADO,-9.5036,-37.8267,,,2023-05-01 00:00:00,,1,2,Sim
4,49,,,ALAGOAS,SENADOR RUI PALMEIR,SEMARH-AL,937055,SENADOR RUI PALMEIRA,-9.4567,-37.4492,,,2022-01-01 00:00:00,,1,2,Sim
4,49,,,ALAGOAS,PARICONHA,SEMARH-AL,937056,PARICONHA - MET,-9.2558,-37.9989,,,2025-01-01 00:00:00,,1,2,Não
4,49,,,ALAGOAS,POÇO DAS TRINCHEIRA,SEMARH-AL,937057,Poço das  Trincheiras,-9.3061,-37.2847,,,2025-01-01 00:00:00,,1,2,Não
4,49,,,ALAGOAS,CARNEIROS,SEMARH-AL,937058,Carneiros,-9.4833,-37.3783,,,2025-01-01 00:00:00,,1,2,Não
4,49,,,ALAGOAS,OLIVENÇA,SEMARH-AL,937059,Olivença,-9.5169,-37.1872,,,2025-01-01 00:00:00,,1,2,Não
4,49,,,ALAGOAS,OLHO D'ÁGUA DAS FLO,SEMARH-AL,937060,OLHO D'AGUA DAS FLORES,-9.5286,-37.2647,,,2025-01-01 00:00:00,,1,2,Não
4,49,,,ALAGOAS,MONTEIRÓPOLIS,SEMARH-AL,937061,MONTEIRÓPOLIS,-9.5783,-37.3006,,,2025-01-01 00:00:00,,1,2,Não
4,49,,,ALAGOAS,JACARÉ DOS HOMENS,SEMARH-AL,937062,JACARÉ DOS HOMENS,-9.6383,-37.21,,,2025-01-01 00:00:00,,1,2,Não
4,49,,,ALAGOAS,PALESTINA,SEMARH-AL,937063,Palestina,-9.6689,-37.3244,,,2025-01-01 00:00:00,,1,2,Não
4,49,,,ALAGOAS,BELO MONTE,SEMARH-AL,937064,BELO MONTE,-9.8281,-37.2733,,,2025-01-01 00:00:00,,1,2,Não
4,49,,,ALAGOAS,BATALHA,SEMARH-AL,937066,BATALHA,-9.6681,-37.1306,,,2025-01-01 00:00:00,,1,2,Não
4,49,,,ALAGOAS,DELMIRO GOUVÉIA,AXIA NORDESTE,938032,UHE APOLÔNIO SALES (MOXOTÓ) BARRAMENTO,-9.3575,-38.2075,230,,2018-09-01 00:00:00,,1,2,Não
4,49,,,ALAGOAS,IGREJA NOVA,DNOCS,1036003,IGREJA NOVA,-10.1167,-36.65,17,,,,1,2,Sim
4,49,,,ALAGOAS,PENEDO,DNOCS,1036004,PENEDO,-10.2833,-36.5833,28,,,,1,2,Sim
4,49,,,ALAGOAS,PENEDO,ANA,1036005,PENEDO,-10.285,-36.5564,28,,,,1,2,Sim
4,49,,,ALAGOAS,PENEDO,DNOS,1036006,PENEDO,-10.2833,-36.5833,15,,,,0,2,Não
4,49,,,ALAGOAS,PIAÇABUÇÚ,ANA,1036007,PIAÇABUÇÚ,-10.4064,-36.4261,10,,,,1,2,Sim
4,49,,,ALAGOAS,PIAÇABUÇÚ,SEMARH-AL,1036008,PIAÇABUÇÚ,-10.4053,-36.4219,18,,,,0,2,Sim
4,49,,,ALAGOAS,PORTO REAL DO COLÉG,DNOCS,1036009,PORTO REAL DO COLÉGIO,-10.1833,-36.8333,30,,,,1,2,Sim
4,49,,,ALAGOAS,CORURIPE,SUDENE,1036011,COLÔNIA PINDORAMA,-10.1167,-36.4,110,,,,0,2,Sim
3,39,,,ALAGOAS,CORURIPE,INMET,1036012,CORURIPE,-10.1286,-36.2864,74,,2002-01-01 00:00:00,,1,2,Sim
3,39,,,ALAGOAS,CORURIPE,DNOCS,1036013,CORURIPE,-10.1167,-36.1667,10,,,,1,2,Sim
4,49,,,ALAGOAS,PENEDO,CODEVASF,1036041,PENEDO,-10.3,-36.5667,,,,,0,2,Não
4,49,,,ALAGOAS,PORTO REAL DO COLÉG,CODEVASF,1036042,PORTO REAL DO COLÉGIO,-10.1667,-36.75,,,,,0,2,Não
4,49,,,ALAGOAS,IGREJA NOVA,CODEVASF,1036043,SÍTIO CARIRI,-10.1167,-36.7667,,,,,0,2,Sim
4,49,,,ALAGOAS,CAMPO GRANDE,CODEVASF,1036044,POÇO DOS BOIS,-10.0333,-36.7333,,,,,0,2,Sim
4,49,,,ALAGOAS,OLHO D'ÁGUA GRANDE,CODEVASF,1036045,CAMARÃO,-10.0167,-36.7667,,,,,0,2,Sim
4,49,,,ALAGOAS,OLHO D'ÁGUA GRANDE,CODEVASF,1036046,GOMES NETO,-10.05,-36.8,,,,,0,2,Não
4,49,,,ALAGOAS,PIAÇABUÇÚ,DNOCS,1036050,PONTAL DA BARRA,-10.4833,-36.4,,,,,1,2,Sim
4,49,,,ALAGOAS,IGREJA NOVA,CODEVASF,1036051,PALMEIRA ALTA,-10.1,-36.4,,,,,0,2,Sim
4,49,,,ALAGOAS,PORTO REAL DO COLÉG,INMET,1036055,PORTO REAL DO COLÉGIO,-10.2,-36.5167,,,,,1,2,Não
3,39,,,ALAGOAS,CORURIPE,ANA,1036062,CAMAÇARI,-10.0314,-36.3039,50,,,,1,2,Sim
4,49,,,ALAGOAS,PIAÇABUÇÚ,AXIA NORDESTE,1036064,PIAÇABUÇÚ,-10.4056,-36.4364,,,,,1,2,Não
4,49,,,ALAGOAS,PENEDO,SEMARH-AL,1036065,PAISA,-10.2831,-36.5833,,,,,0,2,Não
3,39,,,ALAGOAS,CORURIPE,SEMARH-AL,1036066,CORURIPE,-10.0833,-36.2831,,,,,0,2,Não
3,39,,,ALAGOAS,JEQUIÁ DA PRAIA,SEMARH-AL,1036069,JEQUIÁ DA PRAIA,-10.0103,-36.0272,,,2025-01-01 00:00:00,,1,2,Não
4,49,,,ALAGOAS,SÃO BRÁS,SEMARH-AL,1036070,São Brás,-10.1271,-36.8967,,,2025-01-01 00:00:00,,1,2,Não
4,49,,,ALAGOAS,IGREJA NOVA,SEMARH-AL,1036071,IGREJA NOVA,-10.1322,-36.6519,,,2025-01-01 00:00:00,,1,2,Não
4,49,,,ALAGOAS,PORTO REAL DO COLÉG,SEMARH-AL,1036072,PORTO REAL DO COLÉGIO,-10.192,-36.8318,,,2025-01-01 00:00:00,,1,2,Não
4,49,,,ALAGOAS,PENEDO,SEMARH-AL,1036073,PENEDO - MET,-10.2869,-36.544,,,2025-01-01 00:00:00,,1,2,Não
4,49,,,ALAGOAS,PIAÇABUÇÚ,SEMARH-AL,1036074,Piaçabuçu,-10.4078,-36.4289,,,2025-01-01 00:00:00,,1,2,Não
